"id_vote","volume","page","date","title","initiator","mode","alpha","alpha_95_lo","alpha_95_up","beta_1","beta_1_95_lo","beta_1_95_up","beta_2","beta_2_95_lo","beta_2_95_up"
1,1,299,"1848-06-09","Soll die Genehmigung des mit Dänemark abzuschließenden Friedensvertrags der Nationalversammlung vorbehalten werden?","member quorum","roll call",-0.3058,-0.6425,0.0268,-3.1223,-3.8104,-2.5296,-0.3046,-0.8105,0.1815
2,1,576,"1848-06-27","Gründung einer provisorischen Centralgewalt","member quorum","roll call",-6.3609,-8.5928,-4.6959,3.782,2.4803,5.4844,1.1623,0.3583,2.116
3,1,581,"1848-06-27","Vollziehung der Beschlüsse der Nationalversammlung Seiten der provisorischen Centralgewalt","member quorum","roll call",0.3342,0.009,0.6819,-3.2389,-3.9421,-2.6201,-1.0496,-1.586,-0.5641
4,1,587,"1848-06-27","Einverständniß der provisorischen Centralgewalt und der Nationalversammlung bei Krieg und Frieden und Veträgen","member quorum","roll call",2.2926,1.8355,2.8078,-2.7019,-3.3229,-2.1416,-0.5241,-1.001,-0.0929
5,1,593,"1848-06-27","Uebertragung der provisorischen Centralgewalt an einen Präsidenten","member quorum","roll call",-1.2436,-1.58,-0.9224,-2.4749,-3.0482,-1.9722,-1.0967,-1.6054,-0.6157
6,1,598,"1848-06-27","Wahl des Reichsverwesers durch die Nationalversammlung","member quorum","roll call",3.0468,2.4197,3.7731,-3.2352,-4.0447,-2.5191,-1.1446,-1.7433,-0.6139
7,1,606,"1848-06-28","Unverantwortlichkeit des Reichsverwesers","member quorum","roll call",1.5806,1.227,1.9639,2.7338,2.1746,3.3714,1.1927,0.6534,1.7649
8,1,611,"1848-06-28","Aufhebung des Bundestags","member quorum","roll call",5.4606,4.1518,7.0878,-3.2894,-4.5967,-2.2124,-0.4156,-1.1775,0.2742
9,1,617,"1848-06-28","Das ganze Gesetz über Einführung einer provisorischen Centralgewalt in Deutschland","member quorum","roll call",2.8256,2.3471,3.3714,1.5237,1.0724,2.0266,1.3159,0.7398,1.9157
11,2,940,"1848-07-15","Vermehrung des stehenden Heeres um zwei Procent","member quorum","roll call",1.1313,0.797,1.4793,2.2647,1.7602,2.8235,0.9977,0.5263,1.4766
12,2,1077,"1848-07-21","Ob der volkswirtschaftliche Ausschuß bis zur zweiten Berathung der Grundrechte den Entwurf eines Heimatgesetzes und einer Gewerbeordnung vorlegen soll?","member quorum","roll call",0.0318,-0.1572,0.2208,-0.7108,-0.9522,-0.4812,-0.0928,-0.3292,0.1485
13,2,1228,"1848-07-27","Commissarische Untersuchung des Sachverhaltes in Posen","member quorum","roll call",-2.3054,-2.9248,-1.7779,-0.8708,-1.306,-0.4405,-3.1325,-4.0234,-2.3743
14,2,1234,"1848-07-27","Aufnahme Posens","member quorum","roll call",3.284,2.5737,4.1573,0.354,-0.1543,0.8767,2.8012,1.8039,4.02
15,2,1242,"1848-07-27","Erklärung der Theilung Polens als ein schmachvolles Unrecht","member quorum","roll call",-4.0365,-5.3536,-3.0158,-1.919,-2.6584,-1.2454,-4.1937,-5.8457,-2.8836
16,2,1340,"1848-08-02","Aufhebung des Adels","member quorum","roll call",-0.9329,-1.336,-0.5594,-3.3934,-4.2402,-2.671,-0.7125,-1.2492,-0.2024
17,2,1399,"1848-08-04","Verweisung der Abschaffung bestimmter Strafen an den Gesetzgebungsausschuß","member quorum","roll call",-1.1053,-1.5041,-0.7409,2.6117,2.0691,3.2352,0.8285,0.3984,1.3155
18,2,1405,"1848-08-04","Abschaffung der Todesstrafe","member quorum","roll call",0.9312,0.6702,1.2051,-1.3248,-1.6815,-0.9939,-0.425,-0.7422,-0.1228
19,2,1446,"1848-08-08","Wiederzulassung des von der Gallerie entfernten Publikums","member quorum","roll call",-5.0737,-6.614,-3.822,-2.3335,-3.2096,-1.5738,-3.7953,-5.3351,-2.5458
20,2,1458,"1848-08-08","Sollen Amnestie-Anträge übergangen werden?","member quorum","roll call",1.7482,1.3331,2.1895,2.4651,1.8674,3.141,1.7994,1.1442,2.5254
21,2,1496,"1848-08-10","Wahl des Abgeordneten Hecker aus Thiengen für ungültig erklären","member quorum","roll call",2.7872,2.1772,3.4951,2.3424,1.7331,3.0285,2.2325,1.482,3.1028
22,3,1850,"1848-09-01","Wiedereröffnung der Gallerie-Räume","member quorum","roll call",1.3973,0.9747,1.8507,3.0406,2.3555,3.8305,1.6315,0.9925,2.3637
23,3,1908,"1848-09-05","Abstimmung über die Sistirung des Malmöer Waffenstillstandes erst nach der Abstimmung über den Waffenstillstand selbst?","member quorum","roll call",-0.7312,-1.1526,-0.3425,3.4528,2.7424,4.2664,1.519,0.9747,2.1431
24,3,1912,"1848-09-05","Sistirung des Malmöer Waffenstillstandes","member quorum","roll call",0.8333,0.4308,1.27,-3.5413,-4.3876,-2.8045,-1.6245,-2.2807,-1.0417
25,3,1931,"1848-09-07","Dringlichkeit des Reden'schen Antrags wegen Entschädigung der Rheder und Schiffseigenthümer","member quorum","roll call",0.0263,-0.3082,0.3682,-3.1035,-3.8096,-2.496,-0.7858,-1.3079,-0.309
26,3,1990,"1848-09-11","Unabhängigkeit der Religionsgesellschaften von der Staatsgewalt ","member quorum","roll call",-1.4357,-1.6981,-1.1819,0.8898,0.6154,1.1774,-0.4829,-0.7914,-0.1786
27,3,1996,"1848-09-11","Wahl der Pfarrer und Kirchenvorsteher durch die Gemeinden","member quorum","roll call",-1.7979,-2.2006,-1.4252,-2.107,-2.6479,-1.6307,-0.8499,-1.3379,-0.3863
28,3,2145,"1848-09-16","Nichtgenehmigung des Malmöer Waffenstillstands","member quorum","roll call",0.4162,0.0333,0.8338,-3.7682,-4.6312,-3.0003,-1.8616,-2.5809,-1.2334
29,3,2150,"1848-09-16","Nichthinderung der Vollziehung des Malmöer Waffenstillstands","member quorum","roll call",-0.3591,-0.7517,0.0181,3.3702,2.6813,4.1499,1.8281,1.2491,2.483
30,3,2155,"1848-09-16","Auftrag an den Ausschuss über das Verahren der preußischen Regierung hierbei zu berichten","member quorum","roll call",-0.5091,-0.7837,-0.2489,1.0874,0.7787,1.4243,0.5949,0.2898,0.9149
31,3,2271,"1848-09-25","Dringlichkeit der Aufhebung des Belagerungszustandes in Frankfurt","member quorum","roll call",-3.0595,-4.2334,-2.1427,-5.3074,-7.2109,-3.7834,-2.6869,-3.9868,-1.5931
32,3,2298,"1848-09-25","Enthebung der Geistlichkeit von der Beaufsichtigung des Unterichts- und Erziehungswesens","member quorum","roll call",2.1802,1.7645,2.652,-2.0335,-2.5768,-1.5513,0.3298,-0.1035,0.7502
33,3,2307,"1848-09-25","Verbot der Volksversammlungen unter freiem Himmel","member quorum","roll call",2.1679,1.5289,2.9193,4.3364,3.2267,5.6887,1.7836,0.9916,2.6953
34,3,2320,"1848-09-28","Dringlichkeit des Antrags wegen Aufhebung des Belagerungszustandes in Frankfurt","member quorum","roll call",-4.9135,-6.8448,-3.4313,-4.7203,-6.7249,-3.2159,-4.8199,-7.0581,-3.1087
35,4,2451,"1848-10-05","Aufhebung der grund- und schutzherrlichen, persönlichen und dinglichen Leistungen","member quorum","roll call",-3.7936,-4.9104,-2.8688,-2.5312,-3.4182,-1.762,-2.905,-4.0691,-1.915
36,4,2458,"1848-10-05","Aufhebung der Jagdgerechtigkeit","member quorum","roll call",1.2142,0.8399,1.6271,-2.2019,-2.7454,-1.6979,-0.7229,-1.1653,-0.3132
37,4,2513,"1848-10-09","Eidliche Verpflichtung der Truppen am Sitz der Nationalversammlung","member quorum","roll call",-2.7182,-3.5946,-1.973,-3.9759,-5.3311,-2.9014,-2.0121,-3.0493,-1.095
38,4,2522,"1848-10-09","Öffentliche Beleidigungen der Nationalversammlung","member quorum","roll call",0.3571,-0.1551,0.867,4.9386,3.713,6.4431,1.7811,1.0078,2.6792
39,4,2565,"1848-10-12","Aufhebung aller Familien-Fideikommisse, Majorate, Minorate, Seniorate u.s.w.","member quorum","roll call",0.1357,-0.2069,0.4956,-2.7075,-3.3698,-2.1204,-1.136,-1.6619,-0.65
40,4,2667,"1848-10-16","Zulassung der Untersuchung gegen Zitz, Simon und Schlöffel","member quorum","roll call",1.5432,1.0214,2.1183,3.6748,2.7605,4.7687,2.4502,1.5966,3.4697
41,4,2687,"1848-10-17","Verlust der Eigenschaft als Abgeordneter bei Annahme eines Staatsamts oder Beförderung","member quorum","roll call",0.3412,-0.1552,0.8341,4.4393,3.3862,5.7115,2.0433,1.2407,2.9736
42,4,2835,"1848-10-23","Gutheißung der Reichs-Commissäre nach Wien","member quorum","roll call",0.9165,0.2974,1.577,7.1264,5.1974,9.5489,2.4071,1.3572,3.6473
43,4,2918,"1848-10-27","Keine Vereinigung deutscher Länder mit nichtdeutschen","member quorum","roll call",3.2669,2.5321,4.1348,-3.4743,-4.4423,-2.663,1.3225,0.6837,1.9861
44,4,2923,"1848-10-27","Völkerrechtliches Bündnis mit Österreich anstreben","member quorum","roll call",-5.3897,-7.0503,-4.0301,4.0765,2.8404,5.5822,0.096,-0.6301,0.8954
45,4,2928,"1848-10-27","Vorbehalt der definitiven Anordnung der Verhältnisse Oesterreichs","member quorum","roll call",-2.5691,-3.2839,-1.9649,3.7911,2.9834,4.7486,-1.6801,-2.4017,-1.0177
46,4,2933,"1848-10-27","Personalunion deutscher und nichtdeutscher Länder","member quorum","paper ballot",2.5272,1.9686,3.1653,-3.2137,-4.0021,-2.5386,1.6743,1.045,2.3518
47,4,2960,"1848-10-30","Strenge Trennung der Truppen bei Personalunion deutscher und nichtdeutscher Länder","member quorum","paper ballot",-0.9033,-1.3665,-0.4546,-3.8507,-4.9003,-2.9465,-1.2638,-1.9872,-0.6067
48,4,2965,"1848-10-30","Strenge Trennung der Truppen bei Personalunion deutscher und nichtdeutscher Länder","member quorum","paper ballot",0.4675,-0.0185,0.9946,-4.7843,-6.103,-3.6667,-0.9393,-1.6797,-0.2555
49,4,2985,"1848-10-31","Anträge, welche der Reichsgewalt den weitesten Umfang vincieren, sollen vorgezogen werden","presidium","paper ballot",0.5256,0.1487,0.9227,-2.9639,-3.6708,-2.3388,-0.7938,-1.3065,-0.3185
50,4,2994,"1848-10-31","Änderungsantrag: STÄNDIGE streichen in ""Kein Recht der deutschen Regierungen STÄNDIGE Gesandte zu empfangen"" ","member quorum","paper ballot",0.306,-0.0876,0.727,-3.1399,-3.8973,-2.4556,-1.1054,-1.6716,-0.5871
51,4,2999,"1848-10-31","Konsule dürfen nur durch die Reichsgewalt bestellt werden","member quorum","paper ballot",-0.8576,-1.2296,-0.4927,-2.8171,-3.524,-2.2144,-0.8512,-1.3905,-0.3483
52,4,3053,"1848-11-03","Tagesordnung wegen der Anträge des Ausschusses in der Wiener und deutsch-österrischen Angelegenheit","member quorum","paper ballot",-4.1259,-5.2401,-3.1952,3.9937,3.0015,5.2014,0.033,-0.5667,0.7012
53,4,3057,"1848-11-03","Bauernschmidt'scher Antrag in gleichem Betreff","member quorum","roll call",-5.2294,-7.3681,-3.5978,-6.7306,-9.6955,-4.5121,-1.7346,-3.0523,-0.534
54,4,3063,"1848-11-03","Antrag Makowiczka's in gleichem Betreff","member quorum","paper ballot",-0.9871,-1.5387,-0.4891,-4.8746,-6.2615,-3.7336,-0.7173,-1.4324,-0.0322
55,4,3068,"1848-11-03","Antrag Giskra's in gleichem Betreff","presidium","paper ballot",0.4775,-0.1011,1.09,-6.0032,-7.8341,-4.5199,-2.4711,-3.6216,-1.5077
56,4,3081,"1848-11-06","Dringlichkeit des Jordan'schen Antrags wegen des Beschluss der Berliner Nationalversammlung in Bezug auf Posen","presidium","paper ballot",0.0503,-0.2043,0.3051,0.2726,-0.0531,0.5896,1.845,1.4723,2.251
57,4,3086,"1848-11-06","Dringlichkeit des Heinrich Simon'schen Antrags wegen eines Reichsheers in Bezug auf die Wiener Ereignisse","member quorum","paper ballot",-0.0675,-0.4271,0.2979,-3.1865,-3.928,-2.5192,-1.1151,-1.6864,-0.5988
58,4,3088,"1848-11-06","Übergang zur Tagesordnung","presidium","paper ballot",2.2777,1.5166,3.2154,5.1589,3.687,6.9526,4.0045,2.5165,5.9312
59,4,3094,"1848-11-06","Tagesordnung über den Antrag Reden's wegen der Volkszählung","presidium","paper ballot",-0.1289,-0.3821,0.1231,1.068,0.7552,1.3967,0.291,-0.025,0.6104
60,4,3098,"1848-11-06","Änderung der GO des Parlaments: Stimmzettelabstimmung im Zweifel","presidium","paper ballot",-0.1607,-0.5644,0.2176,3.0748,2.3883,3.8381,1.2018,0.6549,1.7942
61,4,3113,"1848-11-07","Antrag Schaffrath's auf Verweisung des Biedermann'schen und aller ähnlichen Anträge an einen Ausschuß","presidium","paper ballot",0.4562,0.2414,0.6703,0.895,0.6232,1.1797,-0.2876,-0.5558,-0.0252
62,4,3133,"1848-11-07","Motivirte Tagesordnuhng wegen Posen","member quorum","paper ballot",3.0779,2.323,3.9841,3.8072,2.7916,5.0265,2.4182,1.4967,3.4544
63,5,3190,"1848-11-09","Gleichmäßigkeit der Bestimmungen über Feldzeichen, Fahneneid, Commando, Militärgesetzgebung usw.","presidium","paper ballot",-0.262,-0.7606,0.2334,-5.0303,-6.4548,-3.8496,-1.6164,-2.481,-0.86
64,5,3242,"1848-11-10","Schiffahrtsanstalten sind Reichssache","member quorum","paper ballot",-1.7288,-2.2312,-1.2675,-3.2347,-4.1157,-2.4752,-1.5334,-2.2109,-0.9052
65,5,3257,"1848-11-13","Überweisung der Mittheilung des Reichsministers über den Conflict zwischen preußischen Regierung und der preußischen Nationalversammlung an einen Ausschuß","presidium","paper ballot",-0.379,-1.0947,0.2762,7.8351,5.7997,10.3754,2.2704,1.2025,3.5975
66,5,3259,"1848-11-13","Erstattung des Berichts zur nächsten Sitzung","presidium","paper ballot",0.1412,-0.4843,0.7646,7.1705,5.3442,9.4142,2.6061,1.5179,3.9133
67,5,3296,"1848-11-14","Übergang zur motivierten Tagesordnung; Nichtbeachtung der Anträge zur preußischen Frage","member quorum","paper ballot",-2.4301,-2.8851,-2.0235,1.4957,1.0734,1.9618,-0.5424,-0.9679,-0.1256
68,5,3301,"1848-11-14","Preußisches Ministerium gegen den Willen der Volksvertretung ist unrechtens","member quorum","paper ballot",-3.8427,-5.6684,-2.4647,-8.9613,-12.8235,-6.0742,-3.2443,-5.1093,-1.7681
69,5,3306,"1848-11-14","Vertagung und Verlegung der preußischen Nationalversammlung ist unrechtens","member quorum","roll call",-1.4714,-2.5816,-0.4961,-11.7575,-16.8126,-8.0015,-6.8108,-10.4347,-4.1567
70,5,3311,"1848-11-14","Aufhebung der Vertagung und Verlegung der preußischen Nationalversammlung und Umgebung mit einem Ministerium des Vertrauens","member quorum","paper ballot",0.9501,0.2183,1.7932,-8.2825,-11.2129,-5.9747,-3.6853,-5.47,-2.3219
71,5,3316,"1848-11-14","Antrag der Majorität des Ausschusses in gleichem Betreff","member quorum","paper ballot",0.3226,0.044,0.6034,1.5168,1.1302,1.9359,1.4697,1.063,1.9116
72,5,3372,"1848-11-17","Einschreiten des Reiches wegen gesetzeswidriger Assentirung, Nachsuchung und Verhaftung mißliebiger Personen in Oesterreich","presidium","paper ballot",-1.3194,-1.8874,-0.8042,4.6322,3.6341,5.7642,1.4334,0.7707,2.1877
73,5,3374,"1848-11-17","Übergang zur Tagesordnung","presidium","paper ballot",0.6018,0.1246,1.095,4.9209,3.7996,6.2463,1.8153,1.0425,2.7153
74,5,3387,"1848-11-17","Reich hat Recht der Gesetzgebung und Oberaufsicht in Binnenschiffahrt","presidium","paper ballot",0.853,0.3704,1.3693,-4.2688,-5.3643,-3.3402,-1.6238,-2.3953,-0.9546
75,5,3391,"1848-11-17","Zollfreiheit der deutschen Binnenschiffe/-flöse","member quorum","paper ballot",-0.5024,-0.9356,-0.0965,3.6088,2.8523,4.4778,1.2612,0.6896,1.8872
76,5,3394,"1848-11-17","Zollfreiheit der deutschen Binnenschiffe/-flöse","presidium","paper ballot",0.2436,-0.1486,0.6509,-3.2283,-4.0485,-2.5167,-2.0078,-2.725,-1.3818
77,5,3399,"1848-11-17","Antrag Rappard's wegen der Berliner Ereignisse","presidium","paper ballot",0.9982,0.3066,1.7778,-7.1994,-9.5585,-5.3388,-2.5751,-3.8677,-1.4754
78,5,3401,"1848-11-17","Nächste Sitzung am kommenden Morgen","presidium","paper ballot",1.4971,0.8244,2.2757,-5.7091,-7.4017,-4.3253,-2.2252,-3.2793,-1.3457
79,5,3411,"1848-11-18","Wegen Verweisung des Rappard'schen Antrags an den Ausschuss","member quorum","roll call",0.9979,0.3271,1.737,7.523,5.5553,9.9683,3.157,1.9455,4.626
80,5,3460,"1848-11-18","Aufforderung an Preußen die preußische Nationalversammlung nicht zu blockieren und sich mit einem voliksthümlichen Ministerium zu umgeben","member quorum","roll call",-2.2649,-3.6065,-1.2356,-11.3272,-16.1108,-7.7391,-3.483,-5.4716,-1.8827
81,5,3465,"1848-11-18","Aufforderung zur Ernennung eines Ministeriums des Vertrauens in Berlin","member quorum","roll call",4.676,3.7042,5.9421,-0.3405,-1.2252,0.5494,0.9534,-0.0608,2.1032
82,5,3470,"1848-11-18","Nichtigkeit des auf Steuersuspension ausgerichteten Beschluss des Berliner Parlaments","member quorum","roll call",2.2856,1.459,3.2874,6.7123,4.8235,9.1945,2.08,1.0392,3.2855
83,5,3476,"1848-11-18","Schutz der Rechte und Freheiten des perußischen Volkes durch die Nationalversammlung","member quorum","roll call",9.6295,4.8424,16.4324,13.7272,5.8119,24.0539,2.6941,-0.6762,7.1413
84,5,3486,"1848-11-21","Schaffung gemeinschaftlicher Zollgrenzen","presidium","paper ballot",0.8993,0.5034,1.3396,-2.7094,-3.4288,-2.0875,-1.7648,-2.3867,-1.2143
85,5,3487,"1848-11-21","Aussonderung einzelner Gebiete aus der Zollinie durch das Reich","member quorum","paper ballot",0.6005,0.267,0.9389,2.6228,2.0626,3.2502,0.565,0.1083,1.0385
86,5,3492,"1848-11-21","Aussonderung einzelner Gebiete aus der Zollinie durch das Reich wegen besonderer Umstände","presidium","paper ballot",0.1031,-0.1933,0.4048,-2.0284,-2.5214,-1.5822,-0.9642,-1.3987,-0.561
87,5,3497,"1848-11-21","Gewerbliche Patente dürfe nur Basis von Reichsgesetzen erteilt werden","presidium","paper ballot",-0.0731,-0.4035,0.2692,-2.8659,-3.528,-2.2784,-0.4007,-0.8699,0.041
88,5,3500,"1848-11-21","Ordnung der Postwege durch die Reichsgewalt","presidium","paper ballot",-0.0878,-0.3663,0.1922,-1.7733,-2.2149,-1.3713,-0.5497,-0.94,-0.177
89,5,3504,"1848-11-21","Ausschließliche Gesetzgebung und Oberaufsicht der Reichsgewalt über Telegraphenlinien","presidium","paper ballot",0.1032,-0.258,0.481,-3.2168,-3.9828,-2.5388,-0.8496,-1.3965,-0.3393
90,5,3506,"1848-11-21","Änderung in: Reichsgewalt hat das Recht der Gesetzgebung und Oberaufsicht über die Telegraphenlinien","presidium","paper ballot",0.7683,0.3333,1.2443,-3.6582,-4.5817,-2.8641,-1.4728,-2.1521,-0.8727
91,5,3544,"1848-11-24","Der Reichsgewalt steht das Recht der Gesetzgebung zu","presidium","paper ballot",0.2662,-0.1231,0.6716,-3.8919,-4.8323,-3.0622,-1.441,-2.116,-0.8431
92,5,3577,"1848-11-24","Vorberhalt der Anänderung der Wechselordnung ausschließlich durch das Reich","presidium","paper ballot",-0.1252,-0.5005,0.2543,-3.1769,-3.9921,-2.463,-1.4462,-2.0678,-0.8793
93,5,3623,"1848-11-28","Anordnung der Todtenfeier für Rob. Blum durch die Comission allein","presidium","paper ballot",-1.5658,-2.3354,-0.8956,-6.1996,-8.2538,-4.5257,-2.8491,-4.2128,-1.7436
94,5,3639,"1848-11-28","Zuständigkeit des Reichsgerichts bei Streitigkeiten zwischen Regierung und Volksvertretung von Einzelstaaten","presidium","paper ballot",0.5433,0.1862,0.9302,-3.1962,-3.9443,-2.5233,-1.2269,-1.7955,-0.7059
95,5,3641,"1848-11-28","Zuständigkeit des Reichsgerichts bei durch Bürger angezeigter Verletzung der Landesverfassung","presidium","paper ballot",0.7505,0.3217,1.2053,-3.7223,-4.6409,-2.9239,-1.6354,-2.3392,-1.0338
96,5,3647,"1848-11-28","Zuständigkeit des Reichsgerichts bei Dienstverbrechen und Vergehen von Reichsbeamten","presidium","paper ballot",-0.4363,-0.635,-0.2376,0.0669,-0.1743,0.3031,0.221,-0.0225,0.4714
97,5,3654,"1848-11-28","Reichsgerichtsbarkeit muss kein Geschworenen-Gericht sein","presidium","paper ballot",0.1503,-0.3136,0.6024,3.995,3.0718,5.1166,2.3935,1.5753,3.3385
98,5,3719,"1848-11-30","Wegen der österreichischen Angelegenheiten","member quorum","roll call",-2.5783,-4.0002,-1.4827,-11.8194,-16.9769,-8.0526,-3.6431,-5.8048,-2.0125
99,5,3727,"1848-11-30","Wegen der österreichischen Angelegenheiten","presidium","paper ballot",0.6114,0.0921,1.1795,-5.7893,-7.3685,-4.4744,-1.4346,-2.3364,-0.6652
100,5,3729,"1848-11-30","Wegen der österreichischen Angelegenheiten","member quorum","roll call",-0.0189,-0.2658,0.2317,-0.1457,-0.4652,0.1681,1.9561,1.5726,2.3732
101,5,3778,"1848-12-02","Zusatz-Antrag: Freiheit von Flusszöllen ab 1. Mai 1849","presidium","paper ballot",0.0407,-0.3796,0.4714,-3.7392,-4.7229,-2.8875,-2.3654,-3.2334,-1.6283
102,5,3792,"1848-12-02","Erste zwei Sitzung der kommenden Woche den Grundrechten widmen","presidium","paper ballot",0.4083,-0.1048,0.9477,-4.9854,-6.3697,-3.8096,-2.9973,-4.1328,-2.0384
103,5,3812,"1848-12-04","Wegen des Bestandes des Reichtags aus einem Haus","member quorum","roll call",-4.4436,-5.8637,-3.3336,-3.6661,-5.062,-2.5339,-1.9539,-3.0018,-1.0072
104,5,3836,"1848-12-05","Mediatisirungsfrage","member quorum","paper ballot",0.4963,0.1682,0.8368,3.0745,2.4681,3.7613,0.4875,0.0187,0.9703
105,5,3895,"1848-12-06","Gleichheit der Angehörigen eines jeden deutschen Staates","presidium","paper ballot",-0.0246,-0.3404,0.2895,-2.2089,-2.7528,-1.7052,-1.8228,-2.37,-1.3227
106,5,3901,"1848-12-06","Adel wird abgeschaftt und kann nicht wieder eingeführt werden","member quorum","paper ballot",-0.4675,-0.91,-0.0371,-4.4776,-5.6617,-3.4963,-1.1143,-1.812,-0.4829
107,5,3906,"1848-12-06","Adelsausdrücke werden abgeschafft und haben keine Bedeutung mehr","member quorum","roll call",-0.7987,-1.173,-0.4462,-3.2203,-3.956,-2.5685,-0.9617,-1.5237,-0.4392
108,5,3910,"1848-12-06","Adel als Stand ist abgeschafft","member quorum","roll call",1.3738,0.7186,2.1031,-7.0658,-9.0082,-5.4119,-1.9482,-3.0171,-1.0153
109,5,3916,"1848-12-06","Alle Titel, sofern nicht mit einem Amte verbunden, werden abgeschafft","member quorum","paper ballot",1.3133,0.8092,1.8749,-4.1716,-5.1615,-3.3069,-1.0662,-1.752,-0.4672
110,5,3920,"1848-12-06","Orden dürfen von Staatswegen nicht vergeben werden","member quorum","paper ballot",-0.1336,-0.7214,0.4475,-7.0102,-9.1088,-5.3016,-1.6797,-2.7131,-0.7729
111,5,3925,"1848-12-06","Kein Staatsangehörigen darf von einem ausländischen Staat einen Orden annehmen","member quorum","paper ballot",1.1808,0.6121,1.7997,-5.4987,-6.9498,-4.2598,-1.1216,-1.9436,-0.4034
112,5,3930,"1848-12-06","Waffenrecht ist für alle gleich","member quorum","paper ballot",-1.2258,-1.7398,-0.7576,-4.2978,-5.4227,-3.3115,-2.0107,-2.8846,-1.2396
113,5,3943,"1848-12-07","Todesstrage abschaffen","member quorum","paper ballot",0.7719,0.4659,1.0926,-2.1802,-2.6843,-1.7336,-0.6006,-1.0004,-0.2262
114,5,3948,"1848-12-07","Todesstrafe, Pranger, Brandmarkung, körperliche Züchtigung abschaffen","member quorum","paper ballot",-1.9625,-2.7007,-1.3467,-5.0169,-6.4582,-3.7923,-2.7401,-3.9262,-1.7372
115,5,3954,"1848-12-07","Belagerungszustand und Standrecht nur um Kriegsfalle","member quorum","paper ballot",-3.118,-4.1996,-2.2227,-5.354,-7.1597,-3.8896,-2.8078,-4.1685,-1.7018
116,5,3958,"1848-12-07","Belagerungszustand und Standrecht werden durch Reichsgesetz geregelt","member quorum","paper ballot",0.2449,-0.3583,0.8888,-7.0657,-9.2384,-5.2969,-3.0006,-4.3423,-1.8719
117,5,3970,"1848-12-07","Presse ist frei","member quorum","paper ballot",2.7994,2.2467,3.4577,2.0746,1.4631,2.7821,1.527,0.8634,2.2659
118,5,3975,"1848-12-07","Änderungsantrag: Hämnisse sollen aufgehoben oder SUSPENDIERT werden","member quorum","roll call",2.8443,1.972,3.8732,-8.0301,-10.3496,-6.1447,-1.9825,-3.239,-0.9335
119,5,3981,"1848-12-07","Niemand ist verpflichtet seine religiöse Überzeugung zu offenbaren","presidium","paper ballot",0.6825,0.2534,1.1498,-4.1248,-5.092,-3.2747,-1.1412,-1.8094,-0.533
120,5,3983,"1848-12-07","Niemand ist verpflichtet sich einer religiösen Genossenschaft anzuschließen","member quorum","paper ballot",-0.1573,-0.495,0.1836,-3.0346,-3.7534,-2.4113,-0.7333,-1.24,-0.2519
121,6,4030,"1848-12-09","Übergang zur Tagesordnung über den Antrag zu Neuwahlen der Nationalversammlung","member quorum","paper ballot",4.4826,3.2604,5.9489,4.4168,3.0321,6.1649,2.9145,1.7638,4.231
122,6,4050,"1848-12-11","Wahl der Mitglieder des Staatenhauses durch Volksvertreter der Einzelstaaten","member quorum","paper ballot",-2.1779,-2.8717,-1.5823,-4.4257,-5.7349,-3.3362,-2.6199,-3.7092,-1.6663
123,6,4100,"1848-12-14","Veto der Reichsregierung","member quorum","roll call",-1.4264,-1.9974,-0.9068,4.8031,3.7989,5.9932,1.4883,0.831,2.259
124,6,4106,"1848-12-14","Veto der Reichsregierung","member quorum","paper ballot",-0.9171,-1.3842,-0.4678,-4.4067,-5.5207,-3.4432,-2.7326,-3.7413,-1.8445
125,6,4110,"1848-12-14","Veto der Reichsregierung","member quorum","paper ballot",-0.9015,-1.4157,-0.4167,-5.1595,-6.5337,-3.9654,-2.5939,-3.6674,-1.6652
126,6,4115,"1848-12-14","Veto der Reichsregierung","member quorum","paper ballot",-0.7128,-0.9792,-0.4605,-1.7115,-2.1066,-1.3463,-0.1441,-0.4731,0.1978
127,6,4120,"1848-12-14","Veto der Reichsregierung","member quorum","paper ballot",0.7781,0.4114,1.1952,-3.4018,-4.271,-2.653,0,0,0
128,6,4129,"1848-12-14","Gleichheit der Religionsgemeinschaften","member quorum","paper ballot",0.885,0.4841,1.3179,-3.4078,-4.1942,-2.7082,-0.9893,-1.555,-0.4764
129,6,4143,"1848-12-15","Jeder Deutsche darf Unterrichtsanstalten gründen","presidium","paper ballot",-0.0233,-0.3569,0.3112,-3.0985,-3.7857,-2.4934,-0.5988,-1.0924,-0.1363
130,6,4147,"1848-12-15","Lehrer haben Rechte von Staatsdienern","member quorum","paper ballot",1.4339,1.0448,1.8619,-2.4423,-3.0436,-1.9114,-0.9187,-1.3875,-0.4988
131,6,4153,"1848-12-15","Staat ernennt Lehrer der Volksschule","presidium","paper ballot",-0.4658,-0.6628,-0.2725,0.182,-0.0421,0.4085,0.1046,-0.1299,0.3374
132,6,4155,"1848-12-15","Staat ernennt Lehrer der Volksschule unter Mitwirkung der Gemeinden","member quorum","paper ballot",1.0262,0.7304,1.3464,-1.8713,-2.3095,-1.478,-0.3483,-0.7083,0.0033
133,6,4161,"1848-12-15","Öffentliche Schulen dürfen nicht konfessionell sein","member quorum","paper ballot",-0.4374,-0.8323,-0.0556,-3.5693,-4.4226,-2.8301,-0.7366,-1.3247,-0.1791
134,6,4167,"1848-12-15","Armenschulen und geschlossene Waisenhäuser dürfen nicht bestehen","member quorum","paper ballot",1e-04,-0.398,0.4014,-3.6554,-4.5212,-2.8916,-1.2471,-1.896,-0.6724
135,6,4174,"1848-12-15","Deutsche dürfen frei Vereine gründen","member quorum","paper ballot",-3.5976,-4.6251,-2.7473,-3.8178,-5.1198,-2.7566,-2.3113,-3.3476,-1.3651
136,6,4179,"1848-12-15","Orden der Jesuiten ist verbannt","member quorum","paper ballot",-1.0389,-1.3366,-0.7547,-1.49,-1.9045,-1.1251,0.2597,-0.0779,0.6145
137,6,4184,"1848-12-15","Ausnahme vom Vereins- und Versammlungsrecht für das Heer und die Kriegsflotte","presidium","paper ballot",-0.3402,-0.8842,0.17,5.306,4.0827,6.7613,2.5663,1.6683,3.6321
138,6,4217,"1848-12-16","Comercielle Einheit Deutschlands","member quorum","paper ballot",0.964,0.6043,1.3417,2.7144,2.1079,3.3881,2.0075,1.3856,2.7003
139,6,4240,"1848-12-18","Verweisung des Programms des Reichsministeriums bezüglich Österreichs an den Biedermann'schen Ausschuss","presidium","paper ballot",-1.5849,-2.279,-0.9678,3.2189,2.1831,4.4671,6.534,4.996,8.4513
140,6,4242,"1848-12-18","Verweisung des Programms des Reichsministeriums bezüglich Österreichs an den Ausschuss für internationale und staatsrechtlichen Angelegenheiten","presidium","paper ballot",-2.1418,-3.0067,-1.4044,3.8588,2.6642,5.3159,6.5071,4.8876,8.4568
141,6,4253,"1848-12-19","Jeder Grundeigentümer kann seinen Grund veräußern","member quorum","roll call",0.243,-0.051,0.5386,-2.5854,-3.1167,-2.1047,0.0397,-0.3757,0.4568
142,6,4262,"1848-12-19","Aufhebung der Patrimonialgerichtsbarkeit und sonstiger Hoheitsrechte ohne Entschädigung","presidium","paper ballot",-0.2214,-0.6581,0.216,-4.0685,-5.1484,-3.1377,-3.1467,-4.2305,-2.2247
143,6,4266,"1848-12-19","Aufhebnung der Bann- und Zwangsrechte ohne Entschädigung","member quorum","roll call",-1.1175,-1.5192,-0.7408,-2.7736,-3.4617,-2.1522,-2.2117,-2.9585,-1.5458
144,6,4273,"1848-12-19","Ablösung und beziehentlich Aufhebung von Abgaben und  Leistungen auf Grund und Boden","presidium","paper ballot",0.2443,-0.2201,0.7241,-4.8016,-6.0264,-3.7488,-2.3004,-3.1982,-1.5009
145,6,4276,"1848-12-19","Verbot der Belastung von Grund und Boden mit unablöslichen Abgaben","presidium","paper ballot",1.5054,0.8746,2.2123,-5.215,-6.7555,-3.9445,-3.4422,-4.6579,-2.4306
146,6,4289,"1848-12-20","Familienfideicomissionen sind aufgehoben","presidium","paper ballot",0.6082,0.0647,1.2098,-5.4554,-7.0041,-4.1429,-2.5461,-3.6384,-1.6343
147,6,4290,"1848-12-20","Familienfideicomissionen sind aufzuheben","presidium","paper ballot",1.2708,0.6763,1.9491,-5.1247,-6.5757,-3.9113,-2.47,-3.5135,-1.6157
148,6,4309,"1848-12-21","Vorlage der Grundrechte an die Regierungen der Einzelstaaten","member quorum","roll call",-3.8637,-4.967,-2.952,3.9978,3.0053,5.2043,-0.2292,-0.8776,0.4591
149,6,4325,"1848-12-21","Einführung der Grundrechte","presidium","paper ballot",0.067,-0.3455,0.5028,-3.9091,-4.9027,-3.0739,-1.8543,-2.6218,-1.1775
150,6,4327,"1848-12-21","Wenn Einführungsfrist in einem Einzelstaat nicht eingehalten wird, so soll eine Landesversammlung einberufen werden","presidium","paper ballot",0.8833,0.2174,1.6336,-7.187,-9.644,-5.2524,-2.9845,-4.394,-1.8503
151,6,4329,"1848-12-21","Wenn Einführungsfrist in einem Einzelstaat nicht eingehalten wird, so soll eine Landesversammlung mit weitereichenden Kompetenzen einberufen werden","presidium","paper ballot",1.4098,0.7466,2.1869,-5.9412,-7.6778,-4.4781,-2.7864,-3.9605,-1.8165
152,6,4379,"1848-12-23","Abdruck und Vertheilung von hunderttausend Exemplaren der Grundrechte","presidium","paper ballot",2.1761,1.2779,3.2426,-6.6494,-8.8995,-4.7623,-2.9721,-4.3801,-1.8589
153,6,4386,"1848-12-23","Ausnahme der beleidigten Privatehre aus der Verleumdung","presidium","paper ballot",-0.2274,-0.5453,0.087,1.9089,1.4497,2.42,0.6746,0.2811,1.0942
154,6,4459,"1849-01-04","Übergang zur Tagesordnung ohne Antrag auf Auflösung der preußischen Nationalversammlung zu beachten","member quorum","roll call",-1.7795,-2.4902,-1.1422,5.2575,4.0143,6.7443,2.4662,1.6546,3.4455
155,6,4462,"1849-01-04","Übergang zur Tagesordnung ohne Antrag auf Auflösung der preußischen Nationalversammlung zu beachten","member quorum","roll call",-0.572,-0.819,-0.3297,0.7178,0.4047,1.0387,1.057,0.7448,1.3793
156,6,4465,"1849-01-04","Übergang zur Tagesordnung ohne Antrag auf Auflösung der preußischen Nationalversammlung zu beachten","member quorum","roll call",-0.8058,-1.4118,-0.2279,-5.6146,-7.3887,-4.1859,-3.0827,-4.3873,-1.9751
157,6,4467,"1849-01-04","Übergang zur Tagesordnung ohne Antrag auf Auflösung der preußischen Nationalversammlung zu beachten","member quorum","roll call",0.3111,-0.0722,0.7128,-3.0618,-3.818,-2.4168,-1.4725,-2.0647,-0.9403
158,6,4470,"1849-01-04","Nichtanerkennung der preußischen Verfassung durch das Reich","member quorum","roll call",-2.9837,-4.3163,-1.9264,-4.8964,-6.9887,-3.3519,-3.3083,-5.0574,-1.8967
159,6,4666,"1849-01-13","Ermächtigung des Reichsministeriums zur Handlung bezüglich Österreichs","member quorum","roll call",1.0679,0.46,1.7827,0,0,0,7.6619,5.6632,10.3596
160,7,4794,"1849-01-19","Regierungswalt durch Reichsdirektorium (öster. Kaiser + Könige der dt. Länder + einem Fürsten je Land)","member quorum","roll call",-2.8708,-3.6092,-2.2418,3.3854,2.6271,4.281,-3.7436,-4.8692,-2.7942
161,7,4797,"1849-01-19","Regierungsgewalt durch die Regenten der zwei bevölkerungsreichsten Länder","member quorum","roll call",-2.7339,-3.3415,-2.1937,2.3431,1.8127,2.9393,-2.7626,-3.5497,-2.0557
162,7,4800,"1849-01-19","Regierungsgewalt durch gewähltes Reichsoberhaupt. Jeder Deutsche kann gewählt werden.","member quorum","roll call",-4.5797,-6.0627,-3.3874,-5.0297,-6.842,-3.5878,-3.0158,-4.4001,-1.8312
163,7,4803,"1849-01-19","Regierungsgewalt wird einem regierenden deutschen Fürsten übertragen","member quorum","roll call",0.6126,0.1316,1.1274,-0.995,-1.7061,-0.3451,6.2228,4.966,7.7116
164,7,4848,"1849-01-23","Abstimmungsmodus über die Dauer der Würde des Reichsoberhaupts","presidium","paper ballot",-2.4336,-3.7118,-1.4407,0.038,-1.2205,1.2727,11.5107,8.2434,15.9819
165,7,4851,"1849-01-23","Würde des Reichsoberhauptes wird vererbt","member quorum","roll call",-1.6753,-2.5031,-0.9835,-0.3309,-1.2459,0.5057,7.3955,5.6686,9.6013
166,7,4854,"1849-01-23","Würde des Reichsoberhauptes auf Lebenszeit","member quorum","roll call",-2.4397,-2.8019,-2.104,0.0348,-0.385,0.449,0.2738,-0.1104,0.6575
167,7,4857,"1849-01-23","Würde des Reichsoberhauptes auf 12 Jahre","member quorum","roll call",-3.5816,-4.1834,-3.054,-0.0674,-0.75,0.5923,0.1907,-0.4455,0.8039
168,7,4859,"1849-01-23","Würde des Reichsoberhauptes auf 6 Jahre","member quorum","roll call",-0.516,-0.8487,-0.1916,-0.4685,-0.8701,-0.0661,-2.9491,-3.5521,-2.4052
169,7,4862,"1849-01-23","Würde des Reichsoberhauptes auf 3 Jahre","member quorum","roll call",-2.1871,-2.8132,-1.6568,-1.1596,-1.6607,-0.6757,-3.1988,-4.1183,-2.4044
170,7,4870,"1849-01-25","Titel des Reichoberhauptes: Kaiser der Deutschen","member quorum","roll call",-0.4518,-1.1751,0.2414,0.1326,-0.871,1.1673,8.9793,6.6626,11.9872
171,7,4882,"1849-01-25","Kaiser erklärt Krieg und Frieden","member quorum","roll call",2.301,1.6324,3.0888,2.0416,1.3267,2.866,5.0386,3.7379,6.6074
172,7,4899,"1849-01-26","Wegfall des Reichsrathes","member quorum","roll call",1.2596,0.665,1.9368,-4.8179,-6.2875,-3.5806,-4.216,-5.5965,-3.0664
173,7,4902,"1849-01-26","Jeder Staat ein Gesandter im Reichsrath","presidium","paper ballot",-2.0289,-2.8837,-1.2919,3.0004,1.9089,4.3016,6.7729,5.1031,8.8694
174,7,4904,"1849-01-26","Gestaffelte Zahl der Gesandten im Reichsrath","presidium","paper ballot",-0.6103,-1.0471,-0.2081,3.095,2.4175,3.8754,1.8861,1.2893,2.5666
175,7,4964,"1849-01-30","Widerspruch der Verfassung der Einzelstaaten mit Reichsgesetzen und Reichsverträgen verbieten","presidium","paper ballot",0.1892,-0.102,0.4935,-1.1263,-1.5435,-0.7262,-1.9068,-2.3843,-1.4726
176,7,4975,"1849-01-30","Aenderng der Regierungsform in den Einzelstaaten nur mit Zustimmung des Reichs","member quorum","roll call",2.2723,1.6497,2.9852,2.9923,2.1825,3.9358,3.9099,2.799,5.2419
177,7,4978,"1849-01-30","Zustimmung des Reichs zu Aenderng der Regierungsform in Einzelstaat ist geregelt wie Änderung der Reichsverfassung","member quorum","roll call",-0.3985,-0.9212,0.0909,4.3762,3.3491,5.5745,3.0777,2.1664,4.1493
178,7,4994,"1849-02-01","Abänderung der Reichsverfassung nur durch Beschluss beider Häuser und Zustimmung des Reichsoberhauptes","member quorum","roll call",-0.1674,-0.7512,0.3721,5.851,4.4363,7.5917,4.4169,3.0837,6.0696
179,7,5021,"1849-02-03","Suspension der Grundrechte im Fall des Krieges oder des Aufruhrs durch Reichs- oder Einzelstaatenregierung","member quorum","roll call",-1.6032,-2.166,-1.09,4.2836,3.4047,5.3002,1.0507,0.4611,1.7147
180,7,5024,"1849-02-03","Suspension der Grundrechte im Fall des Krieges oder des Aufruhrs","member quorum","roll call",-0.6438,-1.1877,-0.1471,4.7092,3.6295,6.0209,3.1486,2.2277,4.237
181,7,5026,"1849-02-03","Suspension der Grundrechte im Fall des Krieges oder des Aufruhrs","member quorum","roll call",-1.0693,-1.5821,-0.5916,-4.5219,-5.765,-3.4829,-1.3804,-2.1351,-0.6732
182,7,5029,"1849-02-03","Suspension der Grundrechte im Fall des Krieges oder des Aufruhrs","member quorum","roll call",-7.9614,-11.4729,-5.3847,8.9807,6.1208,12.8785,-2.0848,-3.6958,-0.6979
183,7,5032,"1849-02-03","Suspension der Grundrechte im Fall des Krieges oder des Aufruhrs","member quorum","roll call",-1.3277,-1.9714,-0.7603,4.9107,3.7973,6.2391,2.1211,1.3407,3.0306
184,7,5086,"1849-02-06","Demarcationslinie in Posen","member quorum","roll call",2.0414,1.5056,2.6768,0.5082,0.0212,1.0066,3.8668,3.0108,4.8845
185,7,5143,"1849-02-09","Schutz und Recht der Arbeit","presidium","paper ballot",2.9062,2.2504,3.6784,2.9624,2.1749,3.9003,2.4962,1.637,3.453
186,7,5171,"1849-02-12","Beschränkung von Waldungen und Wüsteneien sind Landesgetzgebung vorbehalten","presidium","paper ballot",-0.2396,-0.648,0.1519,2.711,2.0583,3.4653,2.1813,1.528,2.9068
187,7,5187,"1849-02-13","Veto der Staatregierungen gegen Beschlüsse der Volksvertretung kann nur beschränkt sein.","member quorum","roll call",-2.4664,-3.3781,-1.7386,-5.0843,-6.7615,-3.6947,-4.2043,-5.9525,-2.79
188,7,5190,"1849-02-13","Keine einseitige Verfassungsgebung/-änderung seitens der Regierung","presidium","paper ballot",2.0352,1.253,2.9435,-6.2716,-8.2337,-4.6285,-3.8961,-5.3719,-2.6813
189,7,5192,"1849-02-13","Verankerung des Initiativrechts der Volksvertretung in der Gesetzgebung  ","member quorum","roll call",5.2467,4.0042,6.6891,-4.3609,-5.7615,-3.1576,-1.3454,-2.2042,-0.6094
190,7,5195,"1849-02-13","Besteuerung muss periodisch durch Volksvertretung bestätigt werden","member quorum","roll call",0.4547,-0.0288,0.9854,-4.3121,-5.4627,-3.328,-2.3888,-3.317,-1.595
191,7,5215,"1849-02-15","Gegenantrag zum Antrag auf einen neuen Verfassungsausschuss","member quorum","roll call",3.3457,2.4745,4.4495,-0.1034,-0.6465,0.424,4.9615,3.7165,6.528
192,7,5276,"1849-02-17","Zusammenfassung der Debatte und Abstimmung über die §§ 1 - 3 des Reichswahlgesetzes","presidium","paper ballot",-0.6478,-1.048,-0.2783,1.0992,0.6109,1.6368,2.8667,2.2673,3.5375
193,7,5278,"1849-02-17","Zusammenfassung der Debatte und Abstimmung über die §§ 1 - 3 des Reichswahlgesetzes","presidium","paper ballot",-0.4313,-0.9971,0.1098,3.0927,2.112,4.2974,5.7725,4.3018,7.5464
194,7,5337,"1849-02-20","Deutsche ab 25 Jahre dürfen wählen","member quorum","roll call",-0.667,-1.1548,-0.219,3.8706,2.9453,4.9595,3.7417,2.8183,4.8288
195,7,5340,"1849-02-20","Jeder selbstständige, unbescholtene Deutsche ab 25 Jahre darf wählen","member quorum","roll call",-3.5995,-4.3981,-2.9544,1.0002,0.3427,1.7394,0.6979,0.1059,1.3261
196,7,5343,"1849-02-20","Personen die Armenunterstützung der Gemeinde beziehen sind von der Wahl ausgeschlossen","member quorum","roll call",0.6711,0.2993,1.0573,2.8362,2.1723,3.586,2.858,2.1036,3.7321
197,7,5346,"1849-02-20","Deutsche ab 25 Jahre, die Steuern gezahlt, ein Mindesteinkommen oder Grundbesitz haben, dürfen wählen","member quorum","roll call",-4.7038,-6.0724,-3.5918,4.7396,3.4704,6.2792,3.6657,2.6718,4.9038
198,7,5349,"1849-02-20","Deutsche ab 25 Jahre, die Steuern zahlen, über ein Mindesteinkommen und einen Hausstand verfügen, dürfen wählen","member quorum","roll call",-1.23,-1.7171,-0.7821,3.2604,2.5108,4.1091,2.4962,1.8349,3.2288
199,7,5351,"1849-02-20","Deutsche ab 25 Jahre oder Grundbesitzer oder Gemeindediener dürfen wählen","member quorum","roll call",-1.1778,-1.7135,-0.6985,3.8017,2.9229,4.8432,2.7096,1.9726,3.5584
200,7,5354,"1849-02-20","Mittelbares Wahlrecht für alle weiteren","member quorum","roll call",-3.574,-4.6261,-2.6934,4.1536,3.045,5.4545,3.2015,2.3346,4.2468
201,7,5376,"1849-02-22","Wahlunfähigkeit bei Diebstahl, Betrug oder andere Verbrechen, die mit Zuchthaus bestraft wurden","presidium","paper ballot",-0.7955,-1.2641,-0.3707,3.4574,2.6793,4.3455,2.0154,1.3889,2.7252
202,7,5378,"1849-02-22","Wahlunfähigkeit bei Entzug der vollen staatsbürgerlichen Rechte","presidium","paper ballot",-0.3891,-0.9774,0.1626,5.2473,3.8783,6.8902,4.6279,3.2758,6.2318
203,7,5380,"1849-02-22","Wahlunfähigkeit bei Strafen wegen politischer Verbrechen","member quorum","roll call",0.0965,-0.5455,0.7989,-8.1763,-11.0787,-5.9259,-4.1347,-6.0596,-2.6317
204,7,5399,"1849-02-23","Passives Wahlrecht wenn drei Jahre Staatsangehörigkeit","presidium","paper ballot",0.2298,-0.1569,0.61,3.2512,2.5138,4.0805,2.532,1.7948,3.3632
205,7,5401,"1849-02-23","Passives Wahlrecht verwirkt bei Strafen wegen politischer Verbrechen","presidium","paper ballot",1.103,0.5816,1.6757,-4.5419,-5.7985,-3.4888,-2.8688,-3.8735,-2.0011
206,7,5408,"1849-02-23","Personen, die ein öffentliches Amt bekleiden bedürfen zu dem Eintritt in das Volkshaus keines Urlaubs","presidium","paper ballot",0.9386,0.5157,1.4038,-2.9124,-3.6633,-2.2525,-1.7548,-2.3823,-1.2005
207,7,5430,"1849-02-26","Standort von Soldaten und Militärpersonen ist auch Wahlort","presidium","paper ballot",0.38,0.0015,0.7689,-1.8637,-2.5098,-1.2803,-3.5619,-4.4102,-2.813
208,7,5471,"1849-02-26","Tagesordnung über die Vorlagen der Einzelergierungen in Betreff der Verfassung","member quorum","roll call",-3.7313,-5.2182,-2.5402,-1.1416,-2.1248,-0.2662,-8.8658,-11.9062,-6.5015
209,7,5474,"1849-02-26","Verweisung derselben an den Verfassungs-Ausschuss","member quorum","roll call",-3.0986,-4.1685,-2.2127,-3.044,-4.1928,-2.0843,-6.2799,-8.5069,-4.5455
210,7,5477,"1849-02-26","Desgleichen, sowie die zweite Lesung betreffend","member quorum","roll call",-0.0473,-0.7949,0.7141,-1.9258,-3.2178,-0.8224,10.2539,7.7568,13.462
211,7,5480,"1849-02-26","Desgleichen, sowie die zweite Lesung betreffend","member quorum","roll call",-2.4833,-3.5799,-1.5558,-2.142,-3.3522,-1.1092,-9.0358,-12.0869,-6.595
212,7,5483,"1849-02-26","Aussetzung der nächsten drei Sitzungstermine","presidium","paper ballot",-0.562,-1.6602,0.4161,-0.6539,-2.1919,0.7918,13.493,9.4297,19.0398
213,7,5529,"1849-03-01","Persönliche, mündliche Wahl","member quorum","roll call",-0.1118,-0.5342,0.3139,1.8388,1.1678,2.5882,4.7674,3.7723,5.9203
214,7,5532,"1849-03-01","Geheime, schriftliche Wahl","member quorum","roll call",0.7359,0.2384,1.2642,-2.8195,-3.9046,-1.8971,-6.009,-7.6593,-4.6166
215,7,5535,"1849-03-01","Direkte Wahl","member quorum","roll call",0.7155,0.383,1.0746,-3.2239,-3.9221,-2.6178,-0.4235,-0.9136,0.0351
216,7,5556,"1849-03-02","Annahme des Reichsgesetz über die Wahlen der Abgeordneten zum Volkshause (vorbehaltlich zweite Lesung)","member quorum","roll call",2.9003,1.9805,3.993,-6.0658,-8.0813,-4.3941,-5.5392,-7.3406,-4.0793
217,7,5561,"1849-03-02","Dringlichkeitsantrag von Vogt und Eisenstuck bezüglich Wahlgesetz","presidium","paper ballot",-0.6494,-1.1788,-0.1567,-1.8492,-2.7044,-1.106,-5.5196,-7.0462,-4.2454
218,8,5601,"1849-03-08","Recht der Bitten und Beschwerden","presidium","paper ballot",0.682,0.3265,1.069,-1.8058,-2.3662,-1.3085,-1.3521,-1.8299,-0.9146
219,8,5602,"1849-03-08","Einschränkung des Rechts der Bitten und Beschwerden im Militär","presidium","paper ballot",-0.6563,-1.1751,-0.1902,3.6871,2.8657,4.6597,1.744,1.1067,2.459
220,8,5605,"1849-03-08","Besteuerung","presidium","paper ballot",0.3501,-0.0888,0.823,-4.0013,-5.0565,-3.102,-2.5987,-3.5288,-1.8111
221,8,5615,"1849-03-08","Bestütigungsrecht des Staates bei der Wahl der Gemeindevorsteher und Vertreter","member quorum","roll call",-0.0924,-0.6472,0.481,-6.0936,-7.8817,-4.6036,-3.4745,-4.9191,-2.3164
222,8,5618,"1849-03-08","Recht der Gemeinde auf organisierte Volksbewaffnung","member quorum","roll call",0.5773,-0.146,1.3858,-8.4459,-11.6389,-5.979,-6.687,-9.5926,-4.4979
223,8,5638,"1849-03-09","Directe Wahl ohne Census","member quorum","roll call",-3.3984,-4.4823,-2.492,-4.0366,-5.4007,-2.9196,-4.194,-5.8638,-2.8555
224,8,5640,"1849-03-09","Keine einseitige Landesverfassungsgebung/-änderung seitens der Regierung","presidium","paper ballot",2.8272,1.5678,4.3983,-12.4685,-17.79,-8.4168,-7.8435,-11.8127,-5.0278
225,8,5644,"1849-03-09","Einzelstaatenregierung hat nur ein aufschiebendes Veto gegen Beschlüsse der Volksvertertung","member quorum","roll call",-1.6923,-2.3319,-1.123,-4.1929,-5.4247,-3.1496,-3.8977,-5.3337,-2.7086
226,8,5656,"1849-03-09","Tagesordnung der zweiten Lesung des Reichswahlgesetzes","member quorum","roll call",-3.5487,-5.4559,-2.0986,-4.2317,-6.6054,-2.4345,-12.6898,-18.1255,-8.5513
227,8,5687,"1849-03-13","Vertagung der Berathung über das Reichsgericht","presidium","paper ballot",-0.4309,-1.1789,0.2767,-0.9212,-2.0502,0.1199,9.4633,7.1167,12.4787
228,8,5691,"1849-03-13","Klagerecht der Einzelstaaten gegen nicht verfassungsgemäße Reichsgesetze","member quorum","roll call",-0.1008,-0.4432,0.2308,2.7213,2.135,3.3844,1.8485,1.3194,2.4452
229,8,5695,"1849-03-13","Klagerecht der Bürger gegen nicht verfassungsgemäße Handlungen der Einzelstaaten","presidium","paper ballot",0.3416,-0.1567,0.8912,-4.5429,-5.8756,-3.4068,-3.8444,-5.1569,-2.7535
230,8,5697,"1849-03-13","Klagerecht nur, wenn alle in der Landesverfassung gegeben Mittel nicht angewandt werden können","presidium","paper ballot",0.7351,0.3873,1.0998,-2.0306,-2.5974,-1.5169,-1.8922,-2.4166,-1.418
231,8,5912,"1849-03-21","Übergang des ""Welcker'scher Antrag wegen Abschluß der Verfassung und Ernennung des Königs von Preußen zum Kaiser"" zur Tagesordnung","member quorum","roll call",-2.1556,-3.8331,-0.7992,5.2267,2.9469,8.289,-20.3901,-28.9301,-13.7261
232,8,5915,"1849-03-21","Welcker'scher Antrag wegen Abschluß der Verfassung und Ernennung des Königs von Preußen zum Kaiser","member quorum","roll call",-0.1365,-1.1007,0.8121,-3.1828,-5.3,-1.5495,14.4175,10.1099,20.3223
233,8,5921,"1849-03-21","Vertagung der Abstimmung auf die nächste Sitzung","presidium","paper ballot",1.2658,0.7239,1.8679,-0.3931,-1.0334,0.2217,6.1068,4.8848,7.516
234,8,5928,"1849-03-22","Welcker'scher Antrag wegen Abschluß der Verfassung und Ernennung des Königs von Preußen zum Kaiser","member quorum","roll call",-5.6697,-7.5642,-4.3206,-1.7107,-3.3018,-0.4301,0.5634,-0.5574,1.7079
235,8,5931,"1849-03-22","Welcker'scher Antrag wegen Abschluß der Verfassung und Ernennung des Königs von Preußen zum Kaiser","member quorum","roll call",2.7203,1.6091,4.0834,-3.2087,-4.9159,-1.8458,12.7904,9.3112,17.3044
236,8,5935,"1849-03-22","Welcker'scher Antrag wegen Abschluß der Verfassung und Ernennung des Königs von Preußen zum Kaiser","member quorum","roll call",-1.7267,-2.3038,-1.2068,-3.0581,-3.8824,-2.3449,-2.9326,-3.9853,-2.0429
237,8,5947,"1849-03-23","Teilnahme Österreichs an den verfassungsmäßigen Rechten und Pflichten bleibt vorbehalten","member quorum","roll call",-0.8037,-1.738,0.0142,-1.3627,-2.8227,-0.0846,12.2697,8.8441,16.846
238,8,5950,"1849-03-23","Aufnahme weiterer Land ins Reich durch Reichsgesetze","member quorum","roll call",-1.1405,-1.9665,-0.4173,2.3989,1.34,3.6911,-9.9367,-12.9596,-7.5057
239,8,5953,"1849-03-23","Kein Teil des Reiches darf mit einem nichtdeutschen Ländern zu einem Staate vereint werden","member quorum","roll call",0.5271,-0.2889,1.3878,-4.6549,-6.8799,-2.9321,13.2739,9.5838,18.2167
240,8,5959,"1849-03-23","Hat ein deutsche Land mit einem nichtdeutschen Land dasselbe Staatoberhaupt, so gelten Grundsätze der Personalunion","member quorum","roll call",-0.0902,-1.1165,0.9307,-6.036,-9.1285,-3.7235,17.0265,11.6749,24.1826
241,8,5961,"1849-03-23","Hat ein deutsche Land mit einem nichtdeutschen Land dasselbe Staatoberhaupt, so gelten getrennte Verfassung mit eigenständiger Regierung und Verwaltung für das deutsche Land","member quorum","roll call",2.1102,1.2168,3.2002,-4.2204,-6.2109,-2.7335,11.7663,8.6055,16.0112
242,8,5966,"1849-03-23","Volkssouverinität","member quorum","roll call",-0.7771,-1.2303,-0.3502,-4.2106,-5.2844,-3.264,-3.2067,-4.3103,-2.2811
243,8,5989,"1849-03-24","Reichsgesetzgebung verfügt über Produktions- und Verbrauchssteuern","member quorum","roll call",1.7911,1.3651,2.2685,-3.2384,-4.0028,-2.5889,3.2027,2.4484,4.1198
244,8,5995,"1849-03-24","Postwesen im Sinne der Erleichterung und Beförderung des Verkehrs","presidium","paper ballot",-0.0788,-0.452,0.2953,-2.4322,-3.14,-1.8114,-3.3637,-4.2295,-2.6137
245,8,6006,"1849-03-16","Anstellung der Reichsrichter auf Vorschlag der Einzelstaaten","member quorum","roll call",-1.4372,-2.0699,-0.8811,2.1162,1.4151,2.9603,-6.3307,-7.9227,-5.0111
246,8,6012,"1849-03-16","Zahlenverhältniß der Mitglieder im Staatenhause","member quorum","roll call",-1.5707,-2.3111,-0.9411,3.1072,2.1379,4.3068,-8.0762,-10.3523,-6.2631
247,8,6015,"1849-03-16","Zahlenverhältniß der Mitglieder im Staatenhause","member quorum","roll call",1.8726,1.1934,2.6677,-2.6279,-3.6919,-1.7278,7.8595,6.0852,10.0323
248,8,6019,"1849-03-16","Wahl der Mitglieder des Staatenhauses durch Volksvertretung der Einzelstaaten","member quorum","roll call",-2.9319,-4.0132,-2.0472,-5.4884,-7.4457,-3.9218,-7.3225,-10.0732,-5.1185
249,8,6022,"1849-03-16","Wahlart für's Staatenhaus","member quorum","roll call",-2.138,-2.8515,-1.5218,-3.8187,-5.04,-2.8196,-4.8959,-6.5752,-3.5269
250,8,6025,"1849-03-16","Wahl der Mitglieder des Staatenhauses zur Hälfte durch Volksvertretung der Einzelstaaten, zur Hälfte durch Regierungen der Einzelstaaten","presidium","paper ballot",-0.7995,-1.7821,0.0774,1.2095,-0.0283,2.6044,-12.6156,-17.0398,-9.2335
251,8,6030,"1849-03-16","Suspensives Veto der Reichsregierung","member quorum","roll call",3.4906,2.7313,4.3419,-3.1609,-4.1516,-2.2965,-2.9738,-3.8177,-2.2449
252,8,6042,"1849-03-27","Änderung der Regierungsform in den Einzelstaaten nur mit Zustimmung der Reichsgewalt","member quorum","roll call",2.5068,1.7073,3.4465,3.4293,2.2678,4.8131,7.9708,5.8929,10.5417
253,8,6045,"1849-03-27","Änderung der Regierungsform in den Einzelstaaten nur mit Zustimmung der Reichsgewalt, wie bei einer Änderung der Reichsverfassung festgelegt","member quorum","roll call",0.6156,0.2374,1.02,1.8906,1.2935,2.5628,4.1316,3.261,5.1468
254,8,6049,"1849-03-27","Abänderung der Reichsverfassung","member quorum","roll call",-0.2367,-1.1203,0.6084,-1.7974,-3.4838,-0.3872,-12.7206,-17.622,-8.9605
255,8,6052,"1849-03-27","Suspension der Grundrechtebei Krieg und Aufruhr","member quorum","roll call",-3.3731,-4.5032,-2.4472,-4.3586,-5.9149,-3.1182,-6.7191,-9.0942,-4.7916
256,8,6058,"1849-03-27","Reichsoberhaupt ist ein regierender deutscher Fürst","member quorum","roll call",3.5314,1.9128,5.6044,-6.4187,-9.7022,-3.8038,22.2183,15.1445,31.1389
257,8,6061,"1849-03-27","Würde des Reichsoberhauptes wird vererbt","member quorum","roll call",1.5008,0.3664,2.8005,-6.134,-9.2544,-3.791,18.6159,12.8483,25.9737
258,8,6067,"1849-03-27","Reichsrat besteht aus Bevollmächtigten der deutschen Staaten","member quorum","roll call",-0.0783,-0.561,0.4168,1.013,0.2723,1.7963,6.2573,4.9568,7.8476
259,8,6084,"1849-03-28","Wahl eines Kaisers","member quorum","roll call",1.309,0.7265,1.9619,-2.417,-3.3925,-1.5851,7.4422,5.8643,9.3727
260,8,6110,"1849-04-04","Dringleichkeit eines Antrags wegen der Abberufung der Kaiserdeputation von Berlin","presidium","paper ballot",-1.6329,-2.4894,-0.9028,-0.3064,-1.0911,0.4538,-6.8778,-8.9858,-5.163
261,8,6139,"1849-04-11","Festhalten an der Reichsverfassung","member quorum","roll call",-2.1098,-2.5796,-1.6942,-0.3361,-0.6707,0.0103,-2.0841,-2.677,-1.5438
262,8,6142,"1849-04-11","Festhalten an der Reichsverfassung","member quorum","roll call",1.2721,0.7437,1.8619,-4.211,-5.652,-3.0881,5.7936,4.29,7.781
263,8,6184,"1849-04-16","Vereinigung Anhalt-Bernburg's mit Dessau-Köthen","presidium","paper ballot",-0.1902,-0.7014,0.3204,-3.4004,-4.3959,-2.5196,-2.4894,-3.4666,-1.633
264,8,6354,"1849-04-30","Einberufung außerordnetlicher Sitzung durch 50 Abgeordnete","presidium","paper ballot",-0.7776,-1.3771,-0.219,-3.7503,-4.867,-2.7788,-2.407,-3.4575,-1.4799
265,9,6430,"1849-05-04","Aufruf an das deutsche Volk zur Festhaltung an der Reichsverfassung","member quorum","roll call",-2.3045,-3.1726,-1.58,-3.1897,-4.4415,-2.1584,-3.6136,-5.1051,-2.3937
266,9,6432,"1849-05-04","Dringlicher Antrag des Ausschusses für Durchführung der Reichsverfassung","member quorum","roll call",-1.8553,-2.9646,-0.9643,-3.5753,-5.4052,-2.0836,11.0121,7.8805,15.2299
267,9,6435,"1849-05-04","Beeidigung des Militärs und der Beamten auf die Reichsverfassung","member quorum","roll call",-2.2087,-3.0574,-1.5197,-3.026,-4.2111,-2.0598,-3.2637,-4.6341,-2.1027
268,9,6438,"1849-05-04","Beeidigung der bewaffneten Macht mit Einschluß der Bürgerwehren auf die Verfassung","member quorum","roll call",-1.682,-2.5093,-0.9789,-3.5109,-4.8433,-2.4317,-3.5465,-5.099,-2.2558
269,9,6461,"1849-05-07","Tagesordnung über den Wesendonck'sche Antrag wegen Beeidigung des Militärs u.s.f.","member quorum","roll call",1.2624,0.5925,2.0352,3.596,2.4766,4.9329,3.4801,2.1956,5.0102
270,9,6490,"1849-05-09","Aussetzung der Berathung des Simon-Vogt'schen Antrags wegen der Volkserhebung in der Rheinpfalz und in Sachsen","member quorum","roll call",2.1116,1.2408,3.1426,3.3107,2.0077,4.8996,6.9093,4.6511,9.9284
271,9,6503,"1849-05-10","Antrag Reden's wegen des Reichsfriedensbruches der preußischen Regierung und Schutzes der Bestrebungen des Volks in Durchführung der Reichsverfassung","member quorum","roll call",0.756,-0.0324,1.5676,-5.6808,-7.6585,-4.1209,-1.9814,-3.1086,-0.9657
272,9,6506,"1849-05-10","Deputation an den Reichsverweser wegen Vollziehung der gefaßten Beschlüsse","presidium","paper ballot",0.9392,0.1149,1.8548,-5.1402,-7.0559,-3.598,-3.8686,-5.5963,-2.4705
273,9,6534,"1849-05-12","Absendung von Reichscomissären nach Franken","member quorum","roll call",-0.1893,-1.0037,0.6,5.9577,4.2089,8.2463,2.7397,1.5647,4.132
274,9,6536,"1849-05-12","Verpflichtung der bewaffneten Macht auf die Verfassung","member quorum","roll call",-0.248,-1.2436,0.7134,-7.1899,-10.1519,-4.8956,-3.1655,-4.9254,-1.7622
275,9,6545,"1849-05-14","Entfernung der österreichischen Truppen aus Frankfurt und Ersetzung durch Truppen aus Staaten, welche die Verfassung anerkannt haben","presidium","paper ballot",-0.1419,-0.7961,0.5034,-3.557,-4.811,-2.4813,-3.4794,-4.9148,-2.2636
276,9,6547,"1849-05-14","Berichterstattung des Dreißiger-Ausschusses über die ihm zugewiesenen Anträge","presidium","paper ballot",-1.3418,-2.3388,-0.492,-4.412,-6.2296,-2.9968,-4.0029,-6.0606,-2.4174
277,9,6560,"1849-05-14","Übergang zur Tagesordnung nach Bericht zu den Militärexcessen in Frankfurt","member quorum","roll call",2.8226,1.7103,4.2582,4.5145,2.8309,6.7267,5.227,3.2794,7.6886
278,9,6596,"1849-05-15","Schutz der Erhebung der bayerischen Rheinpfalz","presidium","paper ballot",-1.9641,-2.9553,-1.1539,-4.1224,-5.8278,-2.7898,-4.1523,-6.0807,-2.6359
279,9,6601,"1849-05-16","Unverbindlichkeit der Abberufung der preußischen Abgeordneten","member quorum","roll call",8.3508,4.5942,14.536,-4.4033,-9.4764,-1.0192,-1.0273,-3.9142,1.3689
280,9,6604,"1849-05-16","Übergang zur Tagesordnung","member quorum","roll call",-3.3739,-5.1494,-2.0239,2.7768,1.3684,4.4976,6.9744,4.5762,10.2984
281,9,6607,"1849-05-16","Erscheinen des Kriegsministers in der Nationalversammlung","presidium","paper ballot",-2.3992,-3.7545,-1.3225,-4.0353,-6.1766,-2.4065,-6.1558,-9.2485,-3.801
282,9,6629,"1849-05-17","Beleidigung der Nationalrepräsentation durch Ernennung des neuen Ministeriums","member quorum","roll call",3.8878,1.9072,6.7934,-12.6857,-22.4043,-6.0763,5.7265,1.7633,11.6137
283,9,6680,"1849-05-19","Übergang zur Tagesordnung","member quorum","roll call",-0.6548,-1.4871,0.1295,5.2778,3.6799,7.2861,2.7045,1.5708,4.044
284,9,6683,"1849-05-19","Schaffung einer Reichsregenschaft aus 5 Abgeordneten der Nationalversammlung","member quorum","roll call",-4.105,-6.0485,-2.558,-3.2473,-5.518,-1.5257,-6.6298,-10.0891,-3.9979
285,9,6686,"1849-05-19","Wahl eines Reichsstatthalters aus dem Kreise der verfassungsunterstützenden Fürsten","member quorum","roll call",-6.485,-10.8341,-3.379,-9.353,-15.9565,-4.7227,-9.5169,-15.0868,-5.3466
286,9,6688,"1849-05-19","Interims-Reichsregenschaft wird gewählt, bis eine Reichsstatthalter bestimmt ist","member quorum","roll call",-2.7375,-4.3257,-1.5235,-4.6914,-7.2172,-2.7888,-4.9276,-7.5675,-2.8997
287,9,6690,"1849-05-19","Sofortige Wahl eines Reichsstatthalters auf Zeit","member quorum","roll call",-0.583,-1.3067,0.0782,-3.4976,-4.8073,-2.4028,-1.6735,-2.6289,-0.8274
288,9,6701,"1849-05-21","Vertagung der Sitzung","presidium","paper ballot",1.2546,0.5186,2.0851,1.6581,0.6442,2.8309,4.7972,3.1825,6.7945
289,9,6712,"1849-05-21","Beschlußfähigkeit von hundert Mitgliedern","member quorum","roll call",-2.6266,-4.5735,-0.9961,-1.5571,-3.7866,0.4701,-8.0186,-12.1416,-4.923
290,9,6725,"1849-05-24","Beschlußfähigkeit von hundert Mitgliedern","member quorum","roll call",-3.169,-5.3731,-1.365,-1.4658,-3.4334,0.3412,-9.5449,-14.4974,-5.777
291,9,6737,"1849-05-25","Sofortige Beratung über den Beschluss der Dreißiger-Komission","presidium","paper ballot",-2.3029,-3.4072,-1.3361,-0.6634,-1.6289,0.2704,-3.9435,-5.6685,-2.5531
292,9,6742,"1849-05-25","Vereidung oder Entfernung der Truppen solcher Staaten, deren Regierungen die Nationalversammlung nicht mehr anerkennen","member quorum","roll call",-3.3764,-5.1311,-1.9509,-1.6425,-3.1482,-0.2775,-7.2918,-10.8265,-4.6336
293,9,6756,"1849-05-26","Antrag zur Proklamation an das deutsche Volk übergehen zur Tagesordnung","member quorum","roll call",0.7479,-0.1225,1.6905,3.1175,1.712,4.8305,3.7018,2.1543,5.6731
294,9,6758,"1849-05-26","Zustimmung zum Proklamationstext an das deutsche Volk","member quorum","roll call",2.0608,0.753,3.6018,1.8041,0.2785,3.632,5.2616,3.3876,7.6449
295,9,6759,"1849-05-26","Proklamation an das deutsche Volk","member quorum","roll call",0.981,-0.016,2.0046,-0.574,-1.7186,0.4484,4.0758,2.6412,5.8183
296,9,6776,"1849-05-29","Nachmittagssitzung","presidium","paper ballot",-2.3766,-3.6754,-1.2902,-1.5933,-2.8307,-0.578,-0.8146,-1.743,0.0755
297,9,6795,"1849-05-30","Nächste Sitzung in Stuttgart","member quorum","roll call",-4.7371,-7.0917,-2.8933,-1.5908,-3.0173,-0.3269,-4.9732,-7.4015,-3.0074
298,9,6810,"1849-06-06","Wahl von fünf Vorstehern der Nationalversammlung","member quorum","roll call",-3.0234,-6.4905,-0.3142,-1.9674,-4.2851,-0.062,-4.6562,-8.421,-1.8482
299,9,6813,"1849-06-06","Verhinderung eines Krieges zwischen Württemberg, sowie Baden und der Rheinpfalz","presidium","paper ballot",0.8003,-0.6456,2.3622,0.1659,-0.8295,1.1898,1.328,0.1125,2.6686
300,9,6828,"1849-06-08","Dringlichkeit der Behandlung des Antrags der Dreißiger-Ausschusses","presidium","paper ballot",0.5692,-1.2339,2.3676,-0.9062,-2.1984,0.1722,0.9512,-0.372,2.4222
